content_hash_id,client_hash_id,ml_refresh_probability,reason_code,imp_trend_pct,pos_delta
content_651c3aefac082aea,client_e547b89c05043229,0.9763402848911003,SEVERE_POSITION_DROP,-0.8285714285714286,24.30969837381946
content_4ae34f8ceb6f902c,client_23a62021009f63c4,0.9763130694815552,SEVERE_POSITION_DROP,-0.6879310344827586,3.2540999850279633
content_5a24bc650fa4f213,client_e547b89c05043229,0.9763130694815552,SEVERE_POSITION_DROP,-0.6787003610108303,15.387512502968699
content_f67db8029f4ba7f6,client_e547b89c05043229,0.976144908228876,SEVERE_POSITION_DROP,-0.9384835479256081,3.584911408400579
content_26297fe1cca492ce,client_fef1a8f436438636,0.9759348619920916,SEVERE_POSITION_DROP,-0.4451219512195122,7.017986735486735
content_a1da1aef2bc104b9,client_fef1a8f436438636,0.9759348619920916,SEVERE_POSITION_DROP,-0.5181058495821727,16.13883933229268
content_da96a0d40210a744,client_fef1a8f436438636,0.9759311408393248,SEVERE_POSITION_DROP,-0.5225806451612903,13.866348301633387
content_677d7656e45147d7,client_fef1a8f436438636,0.9758849010681171,SEVERE_POSITION_DROP,-0.8261738261738262,9.645541298780156
content_fac1f43da84bccfe,client_23a62021009f63c4,0.9758718863951352,SEVERE_POSITION_DROP,-0.685251798561151,5.090678633646943
content_7c6f1acbc43b31b0,client_fef1a8f436438636,0.9758718863951352,SEVERE_POSITION_DROP,-0.6222222222222222,3.0128572485709917
content_b7f316def0ce81cf,client_fef1a8f436438636,0.9758718863951352,SEVERE_POSITION_DROP,-0.6685082872928176,4.466126684017862
content_d7880dc706ccb5f7,client_23a62021009f63c4,0.9758718863951352,SEVERE_POSITION_DROP,-0.7513736263736264,2.469495381466853
content_3c1e8c0a1c51da5d,client_23a62021009f63c4,0.9758681652423685,SEVERE_POSITION_DROP,-0.7728613569321534,3.2541895296607066
content_60be58f1f51928a3,client_23a62021009f63c4,0.9757037251424562,SEVERE_POSITION_DROP,-0.8087056128293242,25.69882199759593
content_8a921520f987de14,client_e547b89c05043229,0.9756748548313325,SEVERE_POSITION_DROP,-0.5191256830601093,3.704991618861591
content_a2eccd1c9e499665,client_fef1a8f436438636,0.9756118792343763,SEVERE_POSITION_DROP,-0.6712062256809338,7.675947129690542
content_3262364e5aa85b0c,client_fef1a8f436438636,0.9756118792343763,SEVERE_POSITION_DROP,-0.7069271758436945,15.394380562836318
content_81836d3ae8149999,client_23a62021009f63c4,0.975421387191293,SEVERE_POSITION_DROP,-0.5766590389016019,19.544690812448273
content_156a168f45a99761,client_fef1a8f436438636,0.9750984044335778,SEVERE_POSITION_DROP,-0.70625,42.00412656896418
content_3fe506fa88ac61cb,client_fef1a8f436438636,0.9749147756242109,SEVERE_POSITION_DROP,-0.6027397260273972,8.565765901260134
content_b9f093d8ced0d1b4,client_fef1a8f436438636,0.9747181306929259,SEVERE_POSITION_DROP,-0.7901234567901234,13.098488118115693
content_00bdebd065a8583b,client_fef1a8f436438636,0.9743343780850259,SEVERE_POSITION_DROP,-0.7250996015936255,20.129853347410183
content_5443d2c56c93febc,client_e547b89c05043229,0.9738277166717246,SEVERE_CLICK_DECAY,-0.3225806451612903,1.9616211058953006
content_6744d0b2085dc9dd,client_e547b89c05043229,0.9737777557477502,SEVERE_POSITION_DROP,-0.8060301507537688,13.182948849537299
content_8265f9813d6c5a1a,client_23a62021009f63c4,0.9737777557477502,SEVERE_POSITION_DROP,-0.8400328137817884,4.963209539201667
content_43d03438e24a95b5,client_23a62021009f63c4,0.9737647410747684,SEVERE_POSITION_DROP,-0.6131687242798354,2.0202666007319827
content_ece4e62ebc6938f3,client_23a62021009f63c4,0.9737647410747684,SEVERE_CLICK_DECAY,-0.6495412844036698,1.9853941380158417
content_73dae13c9daacbbe,client_fef1a8f436438636,0.9735965798220892,SEVERE_POSITION_DROP,-0.8567002323780015,6.173041413589896
content_e6ee0a9dfea97d18,client_fef1a8f436438636,0.9735965798220892,SEVERE_POSITION_DROP,-0.8020725388601037,16.834898445996267
content_fb52aa56db84be5a,client_23a62021009f63c4,0.9730681674647473,SEVERE_POSITION_DROP,-0.8461538461538461,8.157106135254292
content_dcb228291b3a56eb,client_23a62021009f63c4,0.9729763215566674,SEVERE_POSITION_DROP,-0.6182902584493042,6.220867807941531
content_11cdc9183eb4070c,client_fef1a8f436438636,0.9728609741453503,SEVERE_POSITION_DROP,-0.6481012658227848,3.7127767848690603
content_a7e266560680a67c,client_23a62021009f63c4,0.9712669165797311,SEVERE_POSITION_DROP,-0.9449515905947441,3.663856269302709
content_4b94e829ea69e995,client_fef1a8f436438636,0.9712380462686073,SEVERE_POSITION_DROP,-0.572938689217759,4.209859214390889
content_3d80eb0152d54471,client_fef1a8f436438636,0.9710364752170897,SEVERE_POSITION_DROP,-0.7165354330708661,3.98949920198112
content_ccff2eddabc52218,client_e547b89c05043229,0.9709872065683007,SEVERE_POSITION_DROP,-0.4143302180685358,6.537986133953776
content_49b48e4b1a05d513,client_fef1a8f436438636,0.9701123099500064,SEVERE_POSITION_DROP,-0.8063623789764869,2.685533238312151
content_40cd34de435d533b,client_23a62021009f63c4,0.9698338898058817,SEVERE_CLICK_DECAY,-0.7738461538461539,1.6632137008765149
content_733b6da17f1c8d47,client_fef1a8f436438636,0.9697750814139391,SEVERE_POSITION_DROP,-0.6487889273356401,14.438191210586016
content_29b0e1bc06bb9a19,client_fef1a8f436438636,0.9695133154817036,SEVERE_POSITION_DROP,-0.7054491899852725,9.352753937535518
content_42c305e0a77230ff,client_23a62021009f63c4,0.9679656598675066,SEVERE_POSITION_DROP,-0.3157894736842105,23.42736429673549
content_0a54b69fc15779f9,client_fef1a8f436438636,0.9679036610891315,SEVERE_POSITION_DROP,-0.6331569664902998,3.6487759057647438
content_3812197595262e99,client_23a62021009f63c4,0.9670690929581036,SEVERE_POSITION_DROP,-0.43686006825938567,3.6959293072863737
content_e87189910da44576,client_23a62021009f63c4,0.966708083203897,SEVERE_POSITION_DROP,-0.8193956430077302,7.530169275234041
content_3c16f97dc36b948b,client_23a62021009f63c4,0.9665196144856495,SEVERE_POSITION_DROP,-0.831151832460733,5.617462591512538
content_c490cf02b5807fb2,client_fef1a8f436438636,0.9665196144856495,SEVERE_POSITION_DROP,-0.925,2.8481739235813244
content_78729767c21d3f4f,client_23a62021009f63c4,0.9664671752723004,SEVERE_POSITION_DROP,-0.7380699893955461,9.830608067014776
content_24ac32ecb8307e7f,client_fef1a8f436438636,0.9664671752723004,SEVERE_POSITION_DROP,-0.6391608391608392,5.36931223962059
content_d6fff5deb72c97b0,client_23a62021009f63c4,0.9664671752723004,SEVERE_POSITION_DROP,-0.7714025500910747,3.6771635766663415
content_509d80e0ae1812ea,client_23a62021009f63c4,0.9663719893479383,SEVERE_POSITION_DROP,-0.5873417721518988,17.815990444740446
content_3d16735d77b6fbb3,client_23a62021009f63c4,0.966309013750982,SEVERE_POSITION_DROP,-0.6060606060606061,6.67837620440562
content_86fa33f7af4aa5d1,client_e547b89c05043229,0.9663027709292139,SEVERE_CLICK_DECAY,-0.9265143992055611,1.0325637027907675
content_26da692765a7c9dd,client_23a62021009f63c4,0.9653208976324502,SEVERE_CLICK_DECAY,-0.7729468599033816,1.0395748560447053
content_99757ca83b766bfe,client_fef1a8f436438636,0.9650087906651708,SEVERE_POSITION_DROP,-0.5875299760191847,17.01757289269461
content_77b412e941b6cfc7,client_e547b89c05043229,0.964892578147571,SEVERE_POSITION_DROP,-0.946987951807229,11.152468472515807
content_4ab40c17e6a9a569,client_fef1a8f436438636,0.9648792047224569,SEVERE_POSITION_DROP,-0.7997557997557998,4.030378278899448
content_c0176bbc332bb4ab,client_fef1a8f436438636,0.9648792047224569,SEVERE_POSITION_DROP,-0.7259528130671506,4.028154626949522
content_9870a910a890ad4c,client_fef1a8f436438636,0.9648350149937648,SEVERE_POSITION_DROP,-0.7681388012618297,28.79648309769796
content_eb6ea6585a633bbc,client_fef1a8f436438636,0.9648350149937648,SEVERE_POSITION_DROP,-0.7521865889212828,21.907945578132924
content_6b104b3bf80caed0,client_fef1a8f436438636,0.9648350149937648,SEVERE_POSITION_DROP,-0.6847826086956522,7.9374251263432924
content_e469c0e471d909e5,client_fef1a8f436438636,0.9648350149937648,SEVERE_POSITION_DROP,-0.7789203084832905,16.52062526988898
content_a64140d1641a9aec,client_fef1a8f436438636,0.9648350149937648,SEVERE_POSITION_DROP,-0.73,13.61039856348085
content_14d9c303857a6ff0,client_fef1a8f436438636,0.9648350149937648,SEVERE_POSITION_DROP,-0.6385809312638581,25.00107658060398
content_c199279e9c7c55c2,client_fef1a8f436438636,0.9648350149937648,SEVERE_CLICK_DECAY,-0.6232876712328768,1.9421613922133432
content_0868c1cfb576c6aa,client_23a62021009f63c4,0.96468670087457,SEVERE_POSITION_DROP,-0.7222222222222222,3.473880440053211
content_54cebbc7017e82e4,client_fef1a8f436438636,0.9645593069831352,SEVERE_POSITION_DROP,-0.7120500782472613,7.069605460270024
content_cbfe4d3127d8b4ff,client_e547b89c05043229,0.9645593069831352,SEVERE_POSITION_DROP,-0.7316666666666667,6.280892667150248
content_7baa8ddff9250f45,client_fef1a8f436438636,0.9645593069831352,SEVERE_CLICK_DECAY,-0.7583333333333333,1.726009453251141
content_f91bff51a3c5716b,client_fef1a8f436438636,0.9644056003061521,SEVERE_POSITION_DROP,-0.39316239316239315,13.942685043714452
content_4cc8e1a9aa5e12fe,client_fef1a8f436438636,0.9641765280018917,SEVERE_POSITION_DROP,-0.5341772151898734,9.75151203868992
content_ed9a3a41c965b7f5,client_23a62021009f63c4,0.9641765280018917,SEVERE_POSITION_DROP,-0.526813880126183,13.462055064818223
content_71e7973b4ae1487e,client_fef1a8f436438636,0.9641765280018917,SEVERE_POSITION_DROP,-0.3448275862068966,15.780925266489781
content_fba5f4d37c953342,client_23a62021009f63c4,0.9639415159541699,SEVERE_POSITION_DROP,-0.7390572390572391,12.15030514921515
content_3fe5eb7c2c416c5d,client_23a62021009f63c4,0.9639415159541699,SEVERE_POSITION_DROP,-0.735494880546075,11.597319429739123
content_1ac862f150b69ebf,client_fef1a8f436438636,0.9639415159541699,SEVERE_POSITION_DROP,-0.6112311015118791,25.03788828360129
content_1ca6fbf3efcc02c3,client_23a62021009f63c4,0.9639415159541699,SEVERE_POSITION_DROP,-0.7108239095315024,14.66978136883516
content_114d1265bc4003b8,client_e547b89c05043229,0.963808711953639,SEVERE_CLICK_DECAY,-0.8966789667896679,1.8568774931367695
content_5d0d5acb20304d8f,client_23a62021009f63c4,0.9637960301719484,SEVERE_POSITION_DROP,-0.6336822074215034,10.698485845961264
content_6d91095141bcfccc,client_fef1a8f436438636,0.9637953938862541,SEVERE_POSITION_DROP,-0.5910290237467019,15.826649319485881
content_835a8db7802912af,client_fef1a8f436438636,0.9637953938862541,SEVERE_POSITION_DROP,-0.58,3.8391948938001548
content_86c96002dd5c69aa,client_23a62021009f63c4,0.9637275202128511,SEVERE_POSITION_DROP,-0.7576776748124561,8.291342375184769
content_54e85b48cda857c9,client_23a62021009f63c4,0.9637275202128511,SEVERE_POSITION_DROP,-0.610115491835922,6.50485516715208
content_c9ae751271ce7301,client_23a62021009f63c4,0.9637275202128511,SEVERE_POSITION_DROP,-0.6669327798179786,6.262097877012565
content_b6b01f28be774f7e,client_23a62021009f63c4,0.9636345472122184,SEVERE_POSITION_DROP,-0.6806167400881057,3.1737998966526284
content_6ec555cf4bb6640c,client_fef1a8f436438636,0.9636216182148482,SEVERE_POSITION_DROP,-0.7513966480446927,6.173320706155081
content_9dcd6620549a360b,client_23a62021009f63c4,0.9636216182148482,SEVERE_POSITION_DROP,-0.7422839506172839,5.213253939673619
content_409ea9bf244fab9b,client_e547b89c05043229,0.9636216182148482,SEVERE_POSITION_DROP,-0.6367924528301887,2.928653630654104
content_b4d749f3fd502a9a,client_fef1a8f436438636,0.9636216182148482,SEVERE_POSITION_DROP,-0.6950092421441775,11.864024665421725
content_7d1e71c4f3803088,client_fef1a8f436438636,0.9636216182148482,SEVERE_POSITION_DROP,-0.6773504273504274,19.432846879527666
content_e20bd9e95a8b011e,client_fef1a8f436438636,0.9636216182148482,SEVERE_POSITION_DROP,-0.6709558823529411,7.703644525416461
content_631a4472ca899269,client_fef1a8f436438636,0.9636216182148482,SEVERE_POSITION_DROP,-0.7802056555269923,5.3662395599140655
content_4ab38584206c2976,client_fef1a8f436438636,0.9636216182148482,SEVERE_POSITION_DROP,-0.6816326530612244,11.095042733200064
content_cf746b9529cac77d,client_e547b89c05043229,0.9636216182148482,SEVERE_POSITION_DROP,-0.6526946107784432,2.484822535444369
content_f2c03b0e80db2f13,client_fef1a8f436438636,0.9636216182148482,SEVERE_POSITION_DROP,-0.6627680311890838,5.654954973442372
content_5a408d4ed8056411,client_23a62021009f63c4,0.9636216182148482,SEVERE_POSITION_DROP,-0.7867435158501441,6.6303497975489165
content_c2f5e3983c2db658,client_fef1a8f436438636,0.9636216182148482,SEVERE_POSITION_DROP,-0.7322033898305085,3.6361018242538137
content_7d06a04addf258de,client_fef1a8f436438636,0.9636216182148482,SEVERE_POSITION_DROP,-0.6337448559670782,2.8293257916559362
content_3c4ecdfa0f9c7e91,client_fef1a8f436438636,0.9636216182148482,SEVERE_POSITION_DROP,-0.7464589235127479,8.275815874012364
content_b7e125a70d3ef444,client_fef1a8f436438636,0.9636216182148482,SEVERE_POSITION_DROP,-0.688663282571912,12.650443234537677
content_4062298cea3c1072,client_fef1a8f436438636,0.9636216182148482,SEVERE_POSITION_DROP,-0.7516778523489933,3.4143741121985833
